playId,OL_C_score_sum,OL_LG_score_sum,OL_LT_score_sum,OL_RG_score_sum,OL_RT_score_sum
2928.0,0.013795451551758755,0.012655569441081307,0.01633913265249138,0.009455434274185067,0.017843841267668945
2991.0,0.00015897046502444246,9.687879347477099e-05,0.00016033212902177583,0.00010518841832336286,0.00021510573162351976
3248.0,3.4566064949489115,1.8949268514350008,4.278847363020299,2.883016524028954,5.813316553037557
3502.0,0.3032637236622119,0.09220147105162968,0.2741440564725262,0.25969989748993877,-0.0008149462844661733
3609.0,0.291846811495284,0.08973177039340885,0.279451197308525,-0.04114596419455922,0.2658047062954729
